email,first_seen,sent_count,duplicate
info@genopex.com,2026-05-06T15:26:14-04:00,1,false
info@n8narab.com,2026-05-06T15:26:14-04:00,1,false
support@pro-n8n.com,2026-05-06T15:26:14-04:00,1,false
support@pron8n.com,2026-05-06T15:26:14-04:00,1,false
contact@northpulse.es,2026-05-06T15:26:14-04:00,1,false
team@n8nlab.io,2026-05-06T15:27:26-04:00,1,false
contact@duotach.com,2026-05-06T15:27:26-04:00,1,false
info@neuralnodeai.com,2026-05-06T15:27:26-04:00,1,false
ian@byswitch.xyz,2026-05-06T15:27:26-04:00,1,false
